date,retail_and_recreation_percent_change_from_baseline,grocery_and_pharmacy_percent_change_from_baseline,parks_percent_change_from_baseline,transit_stations_percent_change_from_baseline,workplaces_percent_change_from_baseline,residential_percent_change_from_baseline
2020-02-15,6.0,2.0,23.0,-1.0,1.0,-1.0
2020-02-16,8.0,-2.0,30.0,8.0,1.0,-1.0
2020-02-17,6.0,2.0,48.0,-36.0,-59.0,11.0
2020-02-18,-3.0,2.0,16.0,-3.0,1.0,0.0
2020-02-19,-2.0,-2.0,6.0,-1.0,0.0,0.0
2020-02-20,3.0,-1.0,16.0,1.0,0.0,0.0
2020-02-21,0.0,1.0,14.0,0.0,3.0,0.0
2020-02-22,0.0,0.0,4.0,-5.0,3.0,0.0
2020-02-23,2.0,1.0,16.0,1.0,4.0,0.0
2020-02-24,3.0,2.0,15.0,1.0,2.0,0.0
2020-02-25,10.0,4.0,31.0,4.0,3.0,-1.0
2020-02-26,4.0,3.0,13.0,1.0,0.0,0.0
2020-02-27,5.0,3.0,20.0,4.0,1.0,-1.0
2020-02-28,-1.0,5.0,6.0,-2.0,2.0,0.0
2020-02-29,-5.0,3.0,-7.0,-13.0,2.0,1.0
2020-03-01,-4.0,4.0,1.0,-5.0,4.0,0.0
2020-03-02,-2.0,10.0,13.0,-6.0,0.0,1.0
2020-03-03,1.0,12.0,12.0,-3.0,-1.0,1.0
2020-03-04,-4.0,5.0,0.0,-4.0,-2.0,2.0
2020-03-05,-4.0,6.0,-8.0,-9.0,-4.0,2.0
2020-03-06,-9.0,6.0,-15.0,-17.0,-8.0,5.0
2020-03-07,-12.0,1.0,-19.0,-24.0,0.0,4.0
2020-03-08,-13.0,-4.0,-8.0,-18.0,-2.0,3.0
2020-03-09,-8.0,7.0,2.0,-22.0,-18.0,8.0
2020-03-10,-6.0,10.0,9.0,-24.0,-21.0,9.0
2020-03-11,-13.0,8.0,3.0,-30.0,-26.0,11.0
2020-03-12,-17.0,16.0,-4.0,-35.0,-32.0,14.0
2020-03-13,-26.0,17.0,-16.0,-40.0,-35.0,15.0
2020-03-14,-41.0,1.0,-54.0,-48.0,-13.0,11.0
2020-03-15,-42.0,-1.0,-35.0,-41.0,-15.0,10.0
2020-03-16,-32.0,32.0,-20.0,-52.0,-54.0,20.0
2020-03-17,-64.0,-11.0,-27.0,-70.0,-72.0,32.0
2020-03-18,-67.0,-18.0,-35.0,-72.0,-73.0,33.0
2020-03-19,-66.0,-16.0,-25.0,-71.0,-73.0,33.0
2020-03-20,-69.0,-16.0,-36.0,-70.0,-72.0,34.0
2020-03-21,-73.0,-22.0,-38.0,-65.0,-49.0,20.0
2020-03-22,-72.0,-30.0,-34.0,-62.0,-48.0,19.0
2020-03-23,-68.0,-28.0,-50.0,-74.0,-76.0,34.0
2020-03-24,-70.0,-28.0,-54.0,-75.0,-76.0,36.0
2020-03-25,-70.0,-25.0,-40.0,-74.0,-76.0,34.0
2020-03-26,-70.0,-26.0,-39.0,-74.0,-77.0,36.0
2020-03-27,-72.0,-27.0,-48.0,-73.0,-74.0,36.0
2020-03-28,-76.0,-32.0,-64.0,-69.0,-54.0,23.0
2020-03-29,-75.0,-37.0,-55.0,-66.0,-53.0,21.0
2020-03-30,-67.0,-29.0,-38.0,-73.0,-76.0,33.0
2020-03-31,-69.0,-28.0,-38.0,-73.0,-77.0,35.0
2020-04-01,-69.0,-28.0,-40.0,-73.0,-77.0,34.0
2020-04-02,-70.0,-28.0,-41.0,-74.0,-77.0,36.0
2020-04-03,-71.0,-29.0,-46.0,-72.0,-75.0,35.0
2020-04-04,-79.0,-39.0,-77.0,-72.0,-56.0,24.0
2020-04-05,-77.0,-41.0,-65.0,-70.0,-54.0,22.0
2020-04-06,-73.0,-40.0,-66.0,-78.0,-78.0,36.0
2020-04-07,-70.0,-28.0,-31.0,-74.0,-78.0,35.0
2020-04-08,-72.0,-34.0,-52.0,-75.0,-78.0,35.0
2020-04-09,-72.0,-32.0,-44.0,-76.0,-78.0,36.0
2020-04-10,-73.0,-32.0,-43.0,-74.0,-76.0,36.0
2020-04-11,-77.0,-33.0,-59.0,-70.0,-54.0,22.0
2020-04-12,-79.0,-48.0,-48.0,-67.0,-53.0,20.0
2020-04-13,-70.0,-36.0,-39.0,-75.0,-77.0,34.0
2020-04-14,-71.0,-34.0,-22.0,-74.0,-77.0,34.0
2020-04-15,-73.0,-35.0,-41.0,-74.0,-77.0,35.0
2020-04-16,-77.0,-37.0,-51.0,-75.0,-77.0,37.0
2020-04-17,-77.0,-36.0,-55.0,-74.0,-74.0,36.0
2020-04-18,-79.0,-36.0,-43.0,-65.0,-50.0,21.0
2020-04-19,-78.0,-42.0,-38.0,-62.0,-50.0,19.0
2020-04-20,-75.0,-39.0,-44.0,-74.0,-77.0,34.0
2020-04-21,-74.0,-36.0,-32.0,-74.0,-77.0,35.0
2020-04-22,-75.0,-36.0,-37.0,-74.0,-76.0,35.0
2020-04-23,-76.0,-37.0,-36.0,-75.0,-77.0,36.0
2020-04-24,-76.0,-35.0,-32.0,-72.0,-74.0,35.0
2020-04-25,-77.0,-36.0,-33.0,-64.0,-49.0,20.0
2020-04-26,-77.0,-41.0,-38.0,-62.0,-50.0,19.0
2020-04-27,-73.0,-37.0,-33.0,-73.0,-76.0,33.0
2020-04-28,-73.0,-35.0,-24.0,-72.0,-76.0,25.0
2020-04-29,-75.0,-38.0,-50.0,-74.0,-76.0,34.0
2020-04-30,-73.0,-34.0,-41.0,-74.0,-76.0,35.0
2020-05-01,-72.0,-32.0,-34.0,-70.0,-73.0,34.0
2020-05-02,-75.0,-32.0,-41.0,-64.0,-47.0,20.0
2020-05-03,-72.0,-37.0,-19.0,-57.0,-44.0,17.0
2020-05-04,-68.0,-33.0,-29.0,-71.0,-74.0,32.0
2020-05-05,-68.0,-30.0,-25.0,-71.0,-74.0,33.0
2020-05-06,-71.0,-32.0,-25.0,-71.0,-74.0,33.0
2020-05-07,-71.0,-30.0,-24.0,-71.0,-74.0,33.0
2020-05-08,-72.0,-30.0,-32.0,-69.0,-71.0,33.0
2020-05-09,-74.0,-28.0,-41.0,-62.0,-43.0,18.0
2020-05-10,-72.0,-33.0,-33.0,-58.0,-40.0,15.0
2020-05-11,-71.0,-37.0,-48.0,-74.0,-73.0,33.0
2020-05-12,-70.0,-31.0,-27.0,-71.0,-73.0,33.0
2020-05-13,-71.0,-33.0,-41.0,-71.0,-73.0,33.0
2020-05-14,-72.0,-34.0,-48.0,-73.0,-74.0,34.0
2020-05-15,-70.0,-30.0,-29.0,-71.0,-70.0,31.0
2020-05-16,-72.0,-29.0,-25.0,-65.0,-42.0,17.0
2020-05-17,-71.0,-35.0,-25.0,-62.0,-38.0,17.0
2020-05-18,-68.0,-32.0,-31.0,-73.0,-72.0,31.0
2020-05-19,-67.0,-28.0,-20.0,-72.0,-72.0,32.0
2020-05-20,-67.0,-30.0,-22.0,-72.0,-71.0,31.0
2020-05-21,-67.0,-28.0,-21.0,-72.0,-71.0,32.0
2020-05-22,-67.0,-24.0,-16.0,-69.0,-67.0,29.0
2020-05-23,-70.0,-27.0,-11.0,-59.0,-34.0,15.0
2020-05-24,-67.0,-29.0,10.0,-55.0,-34.0,13.0
2020-05-25,-65.0,-29.0,36.0,-74.0,-81.0,27.0
2020-05-26,-66.0,-26.0,-5.0,-71.0,-70.0,30.0
2020-05-27,-66.0,-29.0,-16.0,-70.0,-69.0,31.0
2020-05-28,-67.0,-30.0,-29.0,-71.0,-69.0,32.0
2020-05-29,-68.0,-28.0,-31.0,-70.0,-65.0,31.0
2020-05-30,-71.0,-30.0,-34.0,-60.0,-27.0,17.0
2020-05-31,-71.0,-36.0,-25.0,-58.0,-27.0,16.0
2020-06-01,-66.0,-32.0,-29.0,-71.0,-69.0,30.0
2020-06-02,-66.0,-29.0,-8.0,-72.0,-69.0,31.0
2020-06-03,-65.0,-28.0,-2.0,-69.0,-69.0,30.0
2020-06-04,-66.0,-26.0,-19.0,-71.0,-69.0,31.0
2020-06-05,-68.0,-26.0,-38.0,-69.0,-65.0,30.0
2020-06-06,-69.0,-26.0,-20.0,-61.0,-26.0,15.0
2020-06-07,-67.0,-29.0,-16.0,-57.0,-27.0,14.0
2020-06-08,-63.0,-25.0,-19.0,-70.0,-68.0,28.0
2020-06-09,-64.0,-24.0,-2.0,-70.0,-67.0,29.0
2020-06-10,-65.0,-28.0,-15.0,-70.0,-67.0,29.0
2020-06-11,-65.0,-30.0,-20.0,-70.0,-67.0,30.0
2020-06-12,-66.0,-29.0,-26.0,-69.0,-63.0,28.0
2020-06-13,-65.0,-29.0,-6.0,-57.0,-23.0,13.0
2020-06-14,-65.0,-33.0,-6.0,-56.0,-24.0,12.0
2020-06-15,-61.0,-30.0,-20.0,-69.0,-67.0,28.0
2020-06-16,-61.0,-27.0,-3.0,-68.0,-67.0,28.0
2020-06-17,-61.0,-27.0,-6.0,-68.0,-66.0,27.0
2020-06-18,-61.0,-24.0,-5.0,-69.0,-67.0,28.0
2020-06-19,-62.0,-25.0,-20.0,-67.0,-63.0,25.0
2020-06-20,-64.0,-27.0,-16.0,-58.0,-21.0,12.0
2020-06-21,-63.0,-31.0,-14.0,-56.0,-20.0,10.0
2020-06-22,-61.0,-29.0,-22.0,-69.0,-68.0,27.0
2020-06-23,-61.0,-27.0,-13.0,-68.0,-68.0,28.0
2020-06-24,-61.0,-27.0,-16.0,-68.0,-66.0,27.0
2020-06-25,-61.0,-29.0,-22.0,-70.0,-66.0,28.0
2020-06-26,-63.0,-28.0,-24.0,-67.0,-63.0,27.0
2020-06-27,-65.0,-29.0,-22.0,-58.0,-25.0,13.0
2020-06-28,-62.0,-31.0,-8.0,-55.0,-18.0,11.0
2020-06-29,-57.0,-27.0,-15.0,-69.0,-66.0,26.0
2020-06-30,-57.0,-26.0,-9.0,-69.0,-66.0,26.0
2020-07-01,-58.0,-24.0,-22.0,-68.0,-66.0,26.0
2020-07-02,-56.0,-21.0,-16.0,-68.0,-67.0,24.0
2020-07-03,-60.0,-23.0,-15.0,-70.0,-72.0,25.0
2020-07-04,-69.0,-35.0,-17.0,-63.0,-32.0,13.0
2020-07-05,-62.0,-34.0,-17.0,-59.0,-23.0,9.0
2020-07-06,-56.0,-26.0,-20.0,-69.0,-68.0,25.0
2020-07-07,-57.0,-25.0,-9.0,-69.0,-68.0,27.0
2020-07-08,-59.0,-28.0,-18.0,-69.0,-66.0,27.0
2020-07-09,-59.0,-26.0,-17.0,-69.0,-67.0,27.0
2020-07-10,-60.0,-26.0,-26.0,-68.0,-63.0,26.0
2020-07-11,-60.0,-25.0,-8.0,-59.0,-22.0,12.0
2020-07-12,-57.0,-28.0,-1.0,-57.0,-22.0,11.0
2020-07-13,-58.0,-30.0,-31.0,-70.0,-67.0,27.0
2020-07-14,-57.0,-26.0,-15.0,-70.0,-67.0,27.0
2020-07-15,-59.0,-29.0,-25.0,-70.0,-66.0,27.0
2020-07-16,-59.0,-28.0,-29.0,-71.0,-67.0,28.0
2020-07-17,-59.0,-27.0,-24.0,-69.0,-63.0,26.0
2020-07-18,-60.0,-26.0,-15.0,-61.0,-22.0,12.0
2020-07-19,-58.0,-31.0,-17.0,-59.0,-22.0,11.0
2020-07-20,-58.0,-31.0,-29.0,-70.0,-68.0,26.0
2020-07-21,-58.0,-28.0,-16.0,-71.0,-68.0,27.0
2020-07-22,-59.0,-29.0,-23.0,-70.0,-66.0,27.0
2020-07-23,-59.0,-29.0,-24.0,-71.0,-66.0,27.0
2020-07-24,-61.0,-30.0,-34.0,-70.0,-63.0,26.0
2020-07-25,-59.0,-26.0,-6.0,-60.0,-23.0,11.0
2020-07-26,-57.0,-31.0,-8.0,-58.0,-22.0,10.0
2020-07-27,-57.0,-30.0,-26.0,-71.0,-68.0,26.0
2020-07-28,-59.0,-30.0,-21.0,-70.0,-67.0,27.0
2020-07-29,-60.0,-29.0,-26.0,-71.0,-67.0,26.0
2020-07-30,-60.0,-29.0,-25.0,-71.0,-67.0,27.0
2020-07-31,-60.0,-27.0,-17.0,-67.0,-63.0,25.0
2020-08-01,-61.0,-27.0,-11.0,-58.0,-25.0,11.0
2020-08-02,-59.0,-30.0,-8.0,-57.0,-24.0,10.0
2020-08-03,-57.0,-27.0,-18.0,-69.0,-68.0,25.0
2020-08-04,-59.0,-27.0,-20.0,-70.0,-69.0,27.0
2020-08-05,-59.0,-29.0,-27.0,-71.0,-67.0,27.0
2020-08-06,-58.0,-26.0,-15.0,-70.0,-67.0,27.0
2020-08-07,-59.0,-26.0,-18.0,-68.0,-64.0,25.0
2020-08-08,-59.0,-27.0,-7.0,-58.0,-25.0,11.0
2020-08-09,-57.0,-31.0,-6.0,-57.0,-23.0,10.0
2020-08-10,-57.0,-28.0,-26.0,-71.0,-68.0,26.0
2020-08-11,-58.0,-29.0,-16.0,-71.0,-68.0,27.0
2020-08-12,-59.0,-30.0,-21.0,-71.0,-67.0,26.0
2020-08-13,-59.0,-29.0,-12.0,-70.0,-67.0,26.0
2020-08-14,-58.0,-26.0,-3.0,-67.0,-64.0,23.0
2020-08-15,-58.0,-24.0,8.0,-58.0,-26.0,10.0
2020-08-16,-58.0,-33.0,-14.0,-59.0,-27.0,11.0
2020-08-17,-58.0,-30.0,-21.0,-71.0,-69.0,25.0
2020-08-18,-58.0,-27.0,-10.0,-70.0,-68.0,26.0
2020-08-19,-61.0,-31.0,-29.0,-72.0,-68.0,27.0
2020-08-20,-60.0,-29.0,-30.0,-72.0,-68.0,27.0
2020-08-21,-60.0,-29.0,-30.0,-69.0,-64.0,26.0
2020-08-22,-58.0,-26.0,-13.0,-59.0,-27.0,12.0
2020-08-23,-58.0,-32.0,-24.0,-60.0,-26.0,12.0
2020-08-24,-58.0,-30.0,-33.0,-72.0,-69.0,26.0
2020-08-25,-59.0,-28.0,-28.0,-71.0,-68.0,27.0
2020-08-26,-60.0,-32.0,-37.0,-71.0,-67.0,27.0
2020-08-27,-59.0,-31.0,-30.0,-71.0,-67.0,27.0
2020-08-28,-61.0,-33.0,-41.0,-69.0,-64.0,26.0
2020-08-29,-59.0,-29.0,-27.0,-59.0,-26.0,12.0
2020-08-30,-57.0,-32.0,-21.0,-58.0,-24.0,10.0
2020-08-31,-59.0,-32.0,-36.0,-71.0,-68.0,26.0
2020-09-01,-57.0,-27.0,-28.0,-70.0,-68.0,26.0
2020-09-02,-59.0,-29.0,-29.0,-70.0,-67.0,25.0
2020-09-03,-58.0,-29.0,-33.0,-70.0,-68.0,26.0
2020-09-04,-58.0,-27.0,-26.0,-68.0,-65.0,22.0
2020-09-05,-55.0,-27.0,0.0,-55.0,-27.0,9.0
2020-09-06,-47.0,-26.0,25.0,-51.0,-27.0,9.0
2020-09-07,-52.0,-30.0,24.0,-75.0,-81.0,23.0
2020-09-08,-58.0,-30.0,-33.0,-71.0,-69.0,25.0
2020-09-09,-64.0,-36.0,-43.0,-73.0,-69.0,28.0
2020-09-10,-63.0,-33.0,-54.0,-73.0,-68.0,28.0
2020-09-11,-64.0,-33.0,-55.0,-71.0,-64.0,27.0
2020-09-12,-62.0,-30.0,-51.0,-62.0,-26.0,14.0
2020-09-13,-61.0,-35.0,-50.0,-63.0,-25.0,13.0
2020-09-14,-58.0,-31.0,-45.0,-72.0,-66.0,26.0
2020-09-15,-55.0,-28.0,-24.0,-70.0,-66.0,26.0
2020-09-16,-56.0,-31.0,-22.0,-70.0,-65.0,25.0
2020-09-17,-56.0,-30.0,-29.0,-71.0,-65.0,26.0
2020-09-18,-57.0,-29.0,-30.0,-67.0,-62.0,24.0
2020-09-19,-53.0,-26.0,-7.0,-55.0,-22.0,9.0
2020-09-20,-52.0,-30.0,-8.0,-57.0,-20.0,9.0
2020-09-21,-55.0,-30.0,-28.0,-70.0,-67.0,25.0
2020-09-22,-55.0,-29.0,-23.0,-71.0,-66.0,25.0
2020-09-23,-57.0,-30.0,-27.0,-70.0,-65.0,25.0
2020-09-24,-57.0,-29.0,-33.0,-70.0,-65.0,26.0
2020-09-25,-56.0,-29.0,-29.0,-68.0,-61.0,23.0
2020-09-26,-52.0,-25.0,-8.0,-56.0,-20.0,9.0
2020-09-27,-51.0,-29.0,-4.0,-58.0,-19.0,8.0
2020-09-28,-55.0,-30.0,-32.0,-71.0,-67.0,25.0
2020-09-29,-56.0,-30.0,-35.0,-73.0,-66.0,25.0
2020-09-30,-56.0,-27.0,-32.0,-72.0,-65.0,24.0
2020-10-01,-57.0,-26.0,-42.0,-72.0,-64.0,26.0
2020-10-02,-57.0,-28.0,-45.0,-69.0,-61.0,24.0
2020-10-03,-51.0,-24.0,-15.0,-57.0,-21.0,10.0
2020-10-04,-50.0,-30.0,-21.0,-57.0,-20.0,9.0
2020-10-05,-54.0,-27.0,-36.0,-72.0,-66.0,24.0
2020-10-06,-54.0,-27.0,-34.0,-72.0,-66.0,25.0
2020-10-07,-57.0,-31.0,-41.0,-72.0,-65.0,25.0
2020-10-08,-57.0,-30.0,-41.0,-70.0,-65.0,26.0
2020-10-09,-56.0,-28.0,-33.0,-67.0,-61.0,23.0
2020-10-10,-52.0,-26.0,-23.0,-53.0,-19.0,10.0
2020-10-11,-49.0,-30.0,-7.0,-51.0,-17.0,8.0
2020-10-12,-52.0,-28.0,-17.0,-71.0,-69.0,23.0
2020-10-13,-54.0,-27.0,-22.0,-70.0,-65.0,25.0
2020-10-14,-55.0,-28.0,-24.0,-69.0,-64.0,24.0
2020-10-15,-54.0,-27.0,-24.0,-68.0,-64.0,25.0
2020-10-16,-54.0,-27.0,-22.0,-65.0,-61.0,22.0
2020-10-17,-50.0,-23.0,-4.0,-47.0,-20.0,8.0
2020-10-18,-49.0,-29.0,-10.0,-50.0,-19.0,8.0
2020-10-19,-54.0,-29.0,-33.0,-70.0,-66.0,24.0
2020-10-20,-54.0,-27.0,-26.0,-70.0,-65.0,25.0
2020-10-21,-55.0,-28.0,-29.0,-69.0,-64.0,24.0
2020-10-22,-56.0,-28.0,-35.0,-69.0,-64.0,25.0
2020-10-23,-54.0,-27.0,-31.0,-67.0,-61.0,23.0
2020-10-24,-51.0,-25.0,-20.0,-52.0,-20.0,9.0
2020-10-25,-49.0,-30.0,-17.0,-54.0,-20.0,8.0
2020-10-26,-53.0,-26.0,-31.0,-70.0,-66.0,24.0
2020-10-27,-52.0,-26.0,-23.0,-69.0,-65.0,24.0
2020-10-28,-54.0,-28.0,-29.0,-71.0,-64.0,24.0
2020-10-29,-54.0,-28.0,-32.0,-71.0,-64.0,24.0
2020-10-30,-54.0,-25.0,-34.0,-68.0,-60.0,22.0
2020-10-31,-51.0,-21.0,-17.0,-54.0,-18.0,8.0
2020-11-01,-50.0,-30.0,-19.0,-55.0,-19.0,8.0
2020-11-02,-53.0,-25.0,-32.0,-70.0,-65.0,23.0
2020-11-03,-52.0,-23.0,-30.0,-71.0,-66.0,24.0
2020-11-04,-58.0,-32.0,-38.0,-72.0,-65.0,26.0
2020-11-05,-56.0,-30.0,-37.0,-70.0,-64.0,25.0
2020-11-06,-56.0,-31.0,-42.0,-69.0,-61.0,24.0
2020-11-07,-50.0,-25.0,-18.0,-53.0,-19.0,10.0
2020-11-08,-52.0,-33.0,-35.0,-59.0,-21.0,11.0
2020-11-09,-54.0,-30.0,-38.0,-71.0,-65.0,25.0
2020-11-10,-54.0,-29.0,-36.0,-71.0,-65.0,25.0
2020-11-11,-53.0,-30.0,-30.0,-72.0,-68.0,26.0
2020-11-12,-56.0,-29.0,-40.0,-71.0,-64.0,26.0
2020-11-13,-60.0,-33.0,-56.0,-71.0,-61.0,26.0
2020-11-14,-54.0,-26.0,-29.0,-59.0,-20.0,11.0
2020-11-15,-51.0,-32.0,-19.0,-57.0,-19.0,10.0
2020-11-16,-55.0,-29.0,-34.0,-71.0,-65.0,24.0
2020-11-17,-61.0,-36.0,-56.0,-75.0,-66.0,28.0
2020-11-18,-59.0,-30.0,-47.0,-73.0,-65.0,26.0
2020-11-19,-57.0,-28.0,-42.0,-71.0,-64.0,26.0
2020-11-20,-57.0,-28.0,-42.0,-69.0,-61.0,24.0
2020-11-21,-55.0,-28.0,-32.0,-59.0,-20.0,11.0
2020-11-22,-54.0,-32.0,-31.0,-60.0,-19.0,11.0
2020-11-23,-52.0,-25.0,-34.0,-71.0,-66.0,24.0
2020-11-24,-51.0,-21.0,-29.0,-70.0,-66.0,23.0
2020-11-25,-52.0,-12.0,-32.0,-71.0,-66.0,21.0
2020-11-26,-77.0,-42.0,-37.0,-82.0,-83.0,29.0
2020-11-27,-60.0,-42.0,-21.0,-76.0,-73.0,26.0
2020-11-28,-58.0,-38.0,-28.0,-62.0,-22.0,11.0
2020-11-29,-57.0,-39.0,-32.0,-63.0,-20.0,10.0
2020-11-30,-57.0,-31.0,-42.0,-73.0,-66.0,25.0
2020-12-01,-56.0,-28.0,-39.0,-72.0,-66.0,26.0
2020-12-02,-59.0,-31.0,-42.0,-73.0,-65.0,26.0
2020-12-03,-58.0,-29.0,-44.0,-72.0,-65.0,27.0
2020-12-04,-59.0,-29.0,-44.0,-70.0,-61.0,25.0
2020-12-05,-56.0,-28.0,-39.0,-61.0,-21.0,12.0
2020-12-06,-55.0,-32.0,-35.0,-62.0,-19.0,11.0
2020-12-07,-60.0,-31.0,-41.0,-74.0,-67.0,26.0
2020-12-08,-61.0,-30.0,-36.0,-75.0,-67.0,27.0
2020-12-09,-63.0,-32.0,-42.0,-74.0,-67.0,27.0
2020-12-10,-62.0,-31.0,-44.0,-75.0,-66.0,28.0
2020-12-11,-66.0,-33.0,-56.0,-75.0,-63.0,28.0
2020-12-12,-63.0,-30.0,-44.0,-67.0,-28.0,15.0
2020-12-13,-68.0,-43.0,-66.0,-72.0,-31.0,16.0
2020-12-14,-59.0,-31.0,-38.0,-75.0,-67.0,26.0
2020-12-15,-59.0,-31.0,-37.0,-75.0,-68.0,27.0
2020-12-16,-62.0,-32.0,-44.0,-75.0,-67.0,27.0
2020-12-17,-61.0,-31.0,-44.0,-75.0,-66.0,28.0
2020-12-18,-63.0,-31.0,-43.0,-73.0,-63.0,26.0
2020-12-19,-62.0,-30.0,-36.0,-65.0,-25.0,13.0
2020-12-20,-59.0,-34.0,-31.0,-64.0,-22.0,13.0
2020-12-21,-56.0,-27.0,-28.0,-75.0,-67.0,24.0
2020-12-22,-55.0,-22.0,-27.0,-74.0,-68.0,24.0
2020-12-23,-55.0,-17.0,-30.0,-74.0,-67.0,23.0
2020-12-24,-60.0,-15.0,-30.0,-78.0,-73.0,25.0
2020-12-25,-87.0,-68.0,-64.0,-88.0,-85.0,36.0
2020-12-26,-67.0,-41.0,-33.0,-70.0,-31.0,15.0
2020-12-27,-63.0,-42.0,-29.0,-67.0,-23.0,13.0
2020-12-28,-57.0,-32.0,-29.0,-77.0,-70.0,26.0
2020-12-29,-56.0,-28.0,-12.0,-75.0,-70.0,25.0
2020-12-30,-58.0,-26.0,-28.0,-76.0,-69.0,25.0
2020-12-31,-57.0,-14.0,-17.0,-76.0,-72.0,25.0
2021-01-01,-73.0,-52.0,-21.0,-82.0,-82.0,32.0
2021-01-02,-69.0,-39.0,-57.0,-73.0,-35.0,17.0
2021-01-03,-64.0,-39.0,-44.0,-68.0,-28.0,14.0
2021-01-04,-64.0,-34.0,-54.0,-78.0,-70.0,28.0
2021-01-05,-62.0,-29.0,-39.0,-75.0,-69.0,27.0
2021-01-06,-66.0,-37.0,-51.0,-76.0,-69.0,29.0
2021-01-07,-64.0,-34.0,-43.0,-76.0,-68.0,29.0
2021-01-08,-67.0,-34.0,-53.0,-74.0,-65.0,28.0
2021-01-09,-63.0,-31.0,-30.0,-65.0,-29.0,14.0
2021-01-10,-62.0,-37.0,-36.0,-66.0,-30.0,13.0
2021-01-11,-62.0,-35.0,-44.0,-76.0,-69.0,27.0
2021-01-12,-63.0,-34.0,-44.0,-76.0,-69.0,28.0
2021-01-13,-64.0,-34.0,-39.0,-75.0,-68.0,27.0
2021-01-14,-63.0,-35.0,-38.0,-75.0,-68.0,28.0
2021-01-15,-65.0,-35.0,-40.0,-73.0,-65.0,27.0
2021-01-16,-62.0,-32.0,-25.0,-64.0,-31.0,13.0
2021-01-17,-57.0,-34.0,-4.0,-61.0,-28.0,11.0
2021-01-18,-56.0,-31.0,6.0,-76.0,-76.0,24.0
2021-01-19,-63.0,-33.0,-42.0,-75.0,-69.0,27.0
2021-01-20,-64.0,-37.0,-39.0,-75.0,-68.0,27.0
2021-01-21,-64.0,-35.0,-45.0,-75.0,-68.0,28.0
2021-01-22,-67.0,-36.0,-57.0,-74.0,-65.0,28.0
2021-01-23,-60.0,-30.0,-23.0,-64.0,-31.0,12.0
2021-01-24,-67.0,-41.0,-61.0,-72.0,-34.0,15.0
2021-01-25,-62.0,-34.0,-47.0,-76.0,-68.0,26.0
2021-01-26,-65.0,-40.0,-57.0,-77.0,-69.0,29.0
2021-01-27,-67.0,-41.0,-62.0,-78.0,-69.0,29.0
2021-01-28,-66.0,-39.0,-59.0,-78.0,-68.0,29.0
2021-01-29,-62.0,-34.0,-46.0,-73.0,-63.0,26.0
2021-01-30,-58.0,-30.0,-33.0,-64.0,-28.0,12.0
2021-01-31,-56.0,-34.0,-27.0,-63.0,-27.0,11.0
2021-02-01,-60.0,-33.0,-46.0,-75.0,-68.0,26.0
2021-02-02,-60.0,-32.0,-42.0,-75.0,-68.0,27.0
2021-02-03,-60.0,-33.0,-44.0,-74.0,-66.0,26.0
2021-02-04,-59.0,-32.0,-39.0,-74.0,-66.0,26.0
2021-02-05,-60.0,-31.0,-41.0,-71.0,-63.0,25.0
2021-02-06,-55.0,-28.0,-20.0,-61.0,-26.0,10.0
2021-02-07,-57.0,-33.0,-29.0,-64.0,-26.0,10.0
2021-02-08,-60.0,-33.0,-46.0,-74.0,-68.0,25.0
2021-02-09,-59.0,-32.0,-42.0,-75.0,-68.0,26.0
2021-02-10,-59.0,-32.0,-38.0,-74.0,-66.0,26.0
2021-02-11,-63.0,-37.0,-59.0,-76.0,-67.0,28.0
2021-02-12,-58.0,-30.0,-40.0,-72.0,-64.0,25.0
2021-02-13,-54.0,-28.0,-33.0,-63.0,-27.0,12.0
2021-02-14,-46.0,-30.0,-24.0,-59.0,-23.0,10.0
2021-02-15,-56.0,-34.0,-42.0,-80.0,-77.0,26.0
2021-02-16,-58.0,-32.0,-39.0,-74.0,-68.0,26.0
2021-02-17,-59.0,-32.0,-35.0,-73.0,-66.0,26.0
2021-02-18,-59.0,-33.0,-42.0,-74.0,-66.0,27.0
2021-02-19,-62.0,-34.0,-54.0,-73.0,-63.0,26.0
2021-02-20,-53.0,-28.0,-21.0,-60.0,-24.0,11.0
2021-02-21,-50.0,-32.0,-11.0,-59.0,-23.0,9.0
2021-02-22,-57.0,-31.0,-32.0,-73.0,-67.0,25.0
2021-02-23,-56.0,-30.0,-23.0,-73.0,-66.0,25.0
2021-02-24,-57.0,-31.0,-33.0,-73.0,-65.0,25.0
2021-02-25,-57.0,-31.0,-38.0,-73.0,-65.0,26.0
2021-02-26,-58.0,-31.0,-41.0,-71.0,-62.0,24.0
2021-02-27,-52.0,-28.0,-18.0,-60.0,-24.0,10.0
2021-02-28,-49.0,-30.0,-12.0,-59.0,-22.0,8.0
2021-03-01,-55.0,-27.0,-35.0,-72.0,-66.0,24.0
2021-03-02,-56.0,-27.0,-35.0,-72.0,-66.0,25.0
2021-03-03,-57.0,-30.0,-43.0,-72.0,-65.0,25.0
2021-03-04,-56.0,-29.0,-38.0,-72.0,-65.0,25.0
2021-03-05,-56.0,-29.0,-40.0,-70.0,-62.0,24.0
2021-03-06,-51.0,-25.0,-23.0,-59.0,-24.0,10.0
2021-03-07,-49.0,-30.0,-15.0,-58.0,-23.0,9.0
2021-03-08,-55.0,-28.0,-41.0,-73.0,-67.0,25.0
2021-03-09,-58.0,-32.0,-47.0,-73.0,-67.0,27.0
2021-03-10,-59.0,-31.0,-50.0,-74.0,-66.0,26.0
2021-03-11,-56.0,-29.0,-40.0,-73.0,-65.0,26.0
2021-03-12,-55.0,-28.0,-36.0,-69.0,-62.0,23.0
2021-03-13,-51.0,-27.0,-27.0,-58.0,-25.0,10.0
2021-03-14,-55.0,-37.0,-45.0,-64.0,-26.0,11.0
2021-03-15,-54.0,-27.0,-42.0,-73.0,-66.0,25.0
2021-03-16,-52.0,-26.0,-27.0,-71.0,-66.0,25.0
2021-03-17,-54.0,-29.0,-39.0,-71.0,-64.0,24.0
2021-03-18,-61.0,-37.0,-57.0,-75.0,-66.0,28.0
2021-03-19,-54.0,-27.0,-35.0,-68.0,-61.0,23.0
2021-03-20,-47.0,-26.0,-15.0,-57.0,-21.0,8.0
2021-03-21,-44.0,-29.0,-9.0,-56.0,-20.0,8.0
2021-03-22,-52.0,-28.0,-31.0,-71.0,-66.0,24.0
2021-03-23,-51.0,-28.0,-22.0,-71.0,-65.0,24.0
2021-03-24,-54.0,-28.0,-30.0,-71.0,-64.0,24.0
2021-03-25,-52.0,-28.0,-31.0,-71.0,-64.0,24.0
2021-03-26,-51.0,-26.0,-24.0,-68.0,-61.0,21.0
2021-03-27,-45.0,-24.0,-5.0,-55.0,-22.0,7.0
2021-03-28,-44.0,-29.0,-6.0,-57.0,-22.0,7.0
2021-03-29,-50.0,-26.0,-26.0,-71.0,-67.0,23.0
2021-03-30,-48.0,-26.0,-11.0,-71.0,-65.0,23.0
2021-03-31,-48.0,-27.0,-9.0,-69.0,-65.0,22.0
2021-04-01,-48.0,-25.0,-17.0,-69.0,-64.0,22.0
2021-04-02,-50.0,-27.0,-29.0,-68.0,-62.0,21.0
2021-04-03,-47.0,-24.0,-23.0,-59.0,-23.0,8.0
2021-04-04,-51.0,-29.0,-19.0,-58.0,-24.0,7.0
2021-04-05,-50.0,-29.0,-36.0,-71.0,-67.0,23.0
2021-04-06,-49.0,-26.0,-26.0,-71.0,-66.0,24.0
2021-04-07,-51.0,-28.0,-31.0,-71.0,-65.0,23.0
2021-04-08,-49.0,-26.0,-22.0,-70.0,-64.0,24.0
2021-04-09,-50.0,-28.0,-25.0,-68.0,-61.0,22.0
2021-04-10,-45.0,-26.0,-7.0,-57.0,-23.0,8.0
2021-04-11,-42.0,-28.0,-1.0,-56.0,-21.0,7.0
2021-04-12,-50.0,-28.0,-27.0,-71.0,-66.0,23.0
2021-04-13,-52.0,-26.0,-24.0,-71.0,-65.0,24.0
2021-04-14,-52.0,-27.0,-24.0,-70.0,-64.0,23.0
2021-04-15,-51.0,-28.0,-25.0,-70.0,-64.0,23.0
2021-04-16,-52.0,-29.0,-31.0,-68.0,-60.0,21.0
2021-04-17,-47.0,-26.0,-12.0,-56.0,-21.0,7.0
2021-04-18,-43.0,-27.0,3.0,-54.0,-19.0,7.0
2021-04-19,-51.0,-27.0,-31.0,-70.0,-65.0,23.0
2021-04-20,-50.0,-25.0,-18.0,-69.0,-64.0,23.0
2021-04-21,-52.0,-30.0,-34.0,-71.0,-63.0,23.0
2021-04-22,-52.0,-30.0,-36.0,-71.0,-63.0,24.0
2021-04-23,-51.0,-29.0,-31.0,-67.0,-60.0,22.0
2021-04-24,-46.0,-25.0,-10.0,-56.0,-21.0,8.0
2021-04-25,-50.0,-34.0,-36.0,-61.0,-23.0,10.0
2021-04-26,-48.0,-25.0,-22.0,-69.0,-65.0,22.0
2021-04-27,-47.0,-24.0,-16.0,-69.0,-63.0,22.0
2021-04-28,-49.0,-25.0,-17.0,-69.0,-63.0,22.0
2021-04-29,-50.0,-28.0,-29.0,-69.0,-63.0,23.0
2021-04-30,-50.0,-26.0,-34.0,-67.0,-59.0,21.0
2021-05-01,-45.0,-25.0,-20.0,-56.0,-21.0,8.0
2021-05-02,-41.0,-27.0,-3.0,-54.0,-19.0,6.0
2021-05-03,-47.0,-22.0,-20.0,-68.0,-64.0,21.0
2021-05-04,-48.0,-21.0,-15.0,-68.0,-63.0,22.0
2021-05-05,-50.0,-25.0,-28.0,-69.0,-63.0,22.0
2021-05-06,-50.0,-26.0,-32.0,-69.0,-63.0,23.0
2021-05-07,-47.0,-23.0,-24.0,-66.0,-59.0,20.0
2021-05-08,-42.0,-20.0,-2.0,-53.0,-20.0,5.0
2021-05-09,-39.0,-25.0,0.0,-54.0,-17.0,4.0
2021-05-10,-45.0,-24.0,-19.0,-68.0,-65.0,21.0
2021-05-11,-46.0,-24.0,-19.0,-68.0,-64.0,22.0
2021-05-12,-50.0,-26.0,-29.0,-68.0,-62.0,22.0
2021-05-13,-49.0,-25.0,-33.0,-67.0,-62.0,23.0
2021-05-14,-49.0,-26.0,-39.0,-66.0,-59.0,21.0
2021-05-15,-44.0,-24.0,-19.0,-54.0,-22.0,7.0
2021-05-16,-41.0,-28.0,-17.0,-53.0,-17.0,7.0
2021-05-17,-48.0,-23.0,-31.0,-68.0,-64.0,22.0
2021-05-18,-46.0,-21.0,-15.0,-67.0,-62.0,22.0
2021-05-19,-47.0,-25.0,-26.0,-68.0,-61.0,22.0
2021-05-20,-46.0,-22.0,-24.0,-66.0,-61.0,22.0
2021-05-21,-44.0,-22.0,-23.0,-61.0,-57.0,19.0
2021-05-22,-40.0,-21.0,-3.0,-49.0,-19.0,6.0
2021-05-23,-37.0,-26.0,-5.0,-50.0,-15.0,6.0
2021-05-24,-46.0,-24.0,-24.0,-66.0,-63.0,21.0
2021-05-25,-46.0,-23.0,-17.0,-66.0,-61.0,21.0
2021-05-26,-46.0,-23.0,-22.0,-66.0,-61.0,21.0
2021-05-27,-44.0,-22.0,-23.0,-64.0,-60.0,20.0
2021-05-28,-44.0,-22.0,-23.0,-62.0,-58.0,17.0
2021-05-29,-41.0,-24.0,-10.0,-50.0,-18.0,5.0
2021-05-30,-30.0,-25.0,23.0,-44.0,-16.0,3.0
2021-05-31,-35.0,-23.0,33.0,-71.0,-81.0,17.0
2021-06-01,-43.0,-19.0,-18.0,-63.0,-62.0,20.0
2021-06-02,-46.0,-23.0,-22.0,-65.0,-61.0,21.0
2021-06-03,-43.0,-21.0,-21.0,-64.0,-61.0,20.0
2021-06-04,-45.0,-25.0,-29.0,-62.0,-58.0,19.0
2021-06-05,-39.0,-21.0,-7.0,-48.0,-14.0,5.0
2021-06-06,-35.0,-25.0,4.0,-47.0,-13.0,5.0
2021-06-07,-43.0,-21.0,-21.0,-65.0,-64.0,20.0
2021-06-08,-43.0,-21.0,-12.0,-65.0,-61.0,21.0
2021-06-09,-44.0,-21.0,-18.0,-64.0,-61.0,20.0
2021-06-10,-43.0,-22.0,-16.0,-64.0,-60.0,20.0
2021-06-11,-42.0,-23.0,-17.0,-60.0,-58.0,17.0
2021-06-12,-39.0,-21.0,-1.0,-47.0,-14.0,4.0
2021-06-13,-36.0,-23.0,-1.0,-47.0,-13.0,4.0
2021-06-14,-39.0,-21.0,-14.0,-64.0,-64.0,19.0
2021-06-15,-37.0,-19.0,1.0,-62.0,-61.0,19.0
2021-06-16,-39.0,-20.0,-7.0,-62.0,-61.0,19.0
2021-06-17,-37.0,-19.0,-4.0,-61.0,-60.0,18.0
2021-06-18,-37.0,-20.0,-5.0,-59.0,-59.0,16.0
2021-06-19,-35.0,-19.0,-2.0,-44.0,-15.0,4.0
2021-06-20,-32.0,-27.0,-3.0,-47.0,-15.0,3.0
2021-06-21,-40.0,-23.0,-14.0,-65.0,-64.0,19.0
2021-06-22,-40.0,-21.0,-3.0,-63.0,-61.0,19.0
2021-06-23,-41.0,-22.0,-11.0,-62.0,-61.0,19.0
2021-06-24,-39.0,-23.0,-12.0,-61.0,-60.0,19.0
2021-06-25,-36.0,-24.0,-18.0,-57.0,-58.0,17.0
2021-06-26,-31.0,-20.0,2.0,-42.0,-14.0,4.0
2021-06-27,-27.0,-25.0,-1.0,-41.0,-13.0,4.0
2021-06-28,-39.0,-23.0,-17.0,-65.0,-65.0,15.0
2021-06-29,-42.0,-26.0,-11.0,-65.0,-62.0,18.0
2021-06-30,-43.0,-25.0,-21.0,-64.0,-61.0,19.0
2021-07-01,-40.0,-21.0,-17.0,-61.0,-60.0,18.0
2021-07-02,-40.0,-20.0,-23.0,-60.0,-58.0,16.0
2021-07-03,-37.0,-19.0,-4.0,-45.0,-15.0,4.0
2021-07-04,-30.0,-23.0,32.0,-36.0,-21.0,2.0
2021-07-05,-30.0,-24.0,10.0,-68.0,-79.0,17.0
2021-07-06,-37.0,-19.0,-9.0,-62.0,-62.0,18.0
2021-07-07,-40.0,-21.0,-15.0,-61.0,-61.0,18.0
2021-07-08,-39.0,-19.0,-6.0,-61.0,-60.0,18.0
2021-07-09,-37.0,-21.0,-12.0,-58.0,-58.0,16.0
2021-07-10,-32.0,-19.0,4.0,-42.0,-14.0,4.0
2021-07-11,-30.0,-25.0,-7.0,-44.0,-14.0,5.0
2021-07-12,-39.0,-21.0,-19.0,-63.0,-63.0,19.0
2021-07-13,-39.0,-22.0,-12.0,-62.0,-61.0,20.0
2021-07-14,-40.0,-23.0,-11.0,-62.0,-60.0,18.0
2021-07-15,-40.0,-23.0,-17.0,-60.0,-59.0,19.0
2021-07-16,-39.0,-23.0,-18.0,-57.0,-57.0,16.0
2021-07-17,-32.0,-19.0,12.0,-41.0,-12.0,4.0
2021-07-18,-28.0,-22.0,14.0,-40.0,-11.0,4.0
2021-07-19,-37.0,-21.0,-11.0,-62.0,-63.0,19.0
2021-07-20,-38.0,-21.0,-5.0,-62.0,-60.0,19.0
2021-07-21,-38.0,-22.0,-6.0,-61.0,-60.0,18.0
2021-07-22,-38.0,-23.0,-13.0,-61.0,-59.0,19.0
2021-07-23,-36.0,-24.0,-13.0,-57.0,-56.0,16.0
2021-07-24,-30.0,-22.0,-1.0,-41.0,-11.0,4.0
2021-07-25,-26.0,-25.0,2.0,-41.0,-9.0,4.0
2021-07-26,-37.0,-23.0,-13.0,-63.0,-63.0,19.0
2021-07-27,-33.0,-22.0,1.0,-60.0,-60.0,19.0
2021-07-28,-35.0,-24.0,-7.0,-60.0,-59.0,18.0
2021-07-29,-34.0,-23.0,-10.0,-59.0,-59.0,19.0
2021-07-30,-37.0,-24.0,-18.0,-58.0,-56.0,17.0
2021-07-31,-32.0,-23.0,-1.0,-42.0,-12.0,4.0
2021-08-01,-27.0,-24.0,8.0,-40.0,-12.0,4.0
2021-08-02,-36.0,-21.0,-4.0,-63.0,-63.0,19.0
2021-08-03,-38.0,-21.0,-6.0,-62.0,-61.0,19.0
2021-08-04,-41.0,-24.0,-17.0,-62.0,-60.0,19.0
2021-08-05,-40.0,-24.0,-19.0,-62.0,-60.0,20.0
2021-08-06,-39.0,-24.0,-17.0,-58.0,-57.0,17.0
2021-08-07,-33.0,-22.0,-1.0,-43.0,-14.0,5.0
2021-08-08,-29.0,-24.0,1.0,-43.0,-13.0,5.0
2021-08-09,-38.0,-21.0,-12.0,-63.0,-63.0,19.0
2021-08-10,-36.0,-20.0,-3.0,-61.0,-61.0,19.0
2021-08-11,-39.0,-23.0,-14.0,-62.0,-60.0,19.0
2021-08-12,-38.0,-23.0,-14.0,-60.0,-59.0,19.0
2021-08-13,-36.0,-23.0,-20.0,-56.0,-57.0,16.0
2021-08-14,-30.0,-21.0,-1.0,-39.0,-14.0,4.0
2021-08-15,-27.0,-21.0,1.0,-41.0,-13.0,4.0
2021-08-16,-35.0,-18.0,-11.0,-60.0,-63.0,18.0
2021-08-17,-36.0,-19.0,-9.0,-59.0,-61.0,18.0
2021-08-18,-38.0,-22.0,-16.0,-59.0,-58.0,18.0
2021-08-19,-40.0,-23.0,-18.0,-59.0,-58.0,18.0
2021-08-20,-40.0,-25.0,-27.0,-57.0,-56.0,17.0
2021-08-21,-36.0,-23.0,-13.0,-45.0,-14.0,6.0
2021-08-22,-32.0,-24.0,0.0,-43.0,-14.0,5.0
2021-08-23,-39.0,-22.0,-19.0,-60.0,-62.0,18.0
2021-08-24,-39.0,-21.0,-12.0,-60.0,-59.0,19.0
2021-08-25,-40.0,-21.0,-15.0,-60.0,-58.0,18.0
2021-08-26,-40.0,-20.0,-13.0,-59.0,-57.0,18.0
2021-08-27,-34.0,-21.0,-14.0,-53.0,-55.0,16.0
2021-08-28,-33.0,-18.0,8.0,-42.0,-14.0,5.0
2021-08-29,-32.0,-23.0,0.0,-43.0,-14.0,6.0
2021-08-30,-37.0,-19.0,-18.0,-60.0,-61.0,19.0
2021-08-31,-37.0,-18.0,-11.0,-59.0,-58.0,19.0
2021-09-01,-39.0,-19.0,-22.0,-59.0,-58.0,18.0
2021-09-02,-37.0,-20.0,-23.0,-58.0,-57.0,19.0
2021-09-03,-35.0,-20.0,-22.0,-54.0,-55.0,15.0
2021-09-04,-28.0,-21.0,0.0,-39.0,-15.0,5.0
2021-09-05,-16.0,-23.0,25.0,-32.0,-14.0,4.0
2021-09-06,-29.0,-21.0,33.0,-68.0,-81.0,19.0
2021-09-07,-41.0,-17.0,-17.0,-60.0,-58.0,18.0
2021-09-08,-42.0,-20.0,-18.0,-60.0,-56.0,19.0
2021-09-09,-41.0,-20.0,-26.0,-59.0,-55.0,19.0
2021-09-10,-40.0,-22.0,-27.0,-56.0,-52.0,17.0
2021-09-11,-34.0,-19.0,-3.0,-43.0,-12.0,5.0
2021-09-12,-32.0,-23.0,-2.0,-39.0,-14.0,5.0
2021-09-13,-37.0,-17.0,-16.0,-58.0,-59.0,18.0
2021-09-14,-36.0,-18.0,-15.0,-58.0,-57.0,18.0
2021-09-15,-37.0,-21.0,-20.0,-58.0,-56.0,18.0
2021-09-16,-36.0,-20.0,-21.0,-57.0,-56.0,18.0
2021-09-17,-35.0,-21.0,-17.0,-52.0,-53.0,16.0
2021-09-18,-27.0,-20.0,0.0,-36.0,-15.0,4.0
2021-09-19,-23.0,-22.0,15.0,-30.0,-14.0,4.0
2021-09-20,-37.0,-19.0,-6.0,-58.0,-59.0,17.0
2021-09-21,-38.0,-18.0,-1.0,-58.0,-56.0,18.0
2021-09-22,-41.0,-21.0,-20.0,-59.0,-54.0,18.0
2021-09-23,-40.0,-21.0,-20.0,-58.0,-53.0,18.0
2021-09-24,-39.0,-23.0,-23.0,-54.0,-51.0,16.0
2021-09-25,-35.0,-21.0,-8.0,-41.0,-13.0,5.0
2021-09-26,-30.0,-24.0,-8.0,-38.0,-14.0,5.0
2021-09-27,-41.0,-21.0,-28.0,-59.0,-58.0,19.0
2021-09-28,-36.0,-18.0,-9.0,-57.0,-54.0,18.0
2021-09-29,-37.0,-20.0,-16.0,-57.0,-54.0,17.0
2021-09-30,-36.0,-19.0,-14.0,-55.0,-53.0,17.0
2021-10-01,-33.0,-19.0,-15.0,-50.0,-51.0,14.0
2021-10-02,-28.0,-17.0,3.0,-33.0,-12.0,4.0
2021-10-03,-26.0,-21.0,6.0,-35.0,-11.0,4.0
2021-10-04,-39.0,-16.0,-19.0,-58.0,-57.0,18.0
2021-10-05,-39.0,-17.0,-16.0,-59.0,-54.0,19.0
2021-10-06,-39.0,-19.0,-21.0,-57.0,-54.0,18.0
2021-10-07,-39.0,-21.0,-21.0,-57.0,-53.0,18.0
2021-10-08,-31.0,-20.0,-12.0,-49.0,-51.0,15.0
2021-10-09,-24.0,-15.0,24.0,-26.0,-13.0,3.0
2021-10-10,-25.0,-21.0,30.0,-29.0,-13.0,4.0
2021-10-11,-37.0,-21.0,-13.0,-62.0,-65.0,19.0
2021-10-12,-39.0,-19.0,-15.0,-58.0,-54.0,18.0
2021-10-13,-41.0,-22.0,-21.0,-58.0,-53.0,18.0
2021-10-14,-34.0,-20.0,-17.0,-53.0,-52.0,17.0
2021-10-15,-36.0,-21.0,-17.0,-52.0,-50.0,15.0
2021-10-16,-30.0,-20.0,3.0,-37.0,-12.0,3.0
2021-10-17,-33.0,-26.0,-18.0,-42.0,-14.0,6.0
2021-10-18,-39.0,-20.0,-21.0,-58.0,-58.0,18.0
2021-10-19,-40.0,-20.0,-18.0,-57.0,-54.0,18.0
2021-10-20,-44.0,-26.0,-39.0,-60.0,-54.0,19.0
2021-10-21,-40.0,-22.0,-34.0,-58.0,-54.0,19.0
2021-10-22,-35.0,-20.0,-28.0,-54.0,-51.0,16.0
2021-10-23,-33.0,-19.0,-21.0,-43.0,-13.0,5.0
2021-10-24,-57.0,-48.0,-67.0,-63.0,-22.0,13.0
2021-10-25,-38.0,-14.0,-20.0,-58.0,-58.0,18.0
2021-10-26,-38.0,-17.0,-18.0,-56.0,-53.0,18.0
2021-10-27,-37.0,-18.0,-17.0,-56.0,-53.0,17.0
2021-10-28,-33.0,-17.0,-13.0,-54.0,-52.0,17.0
2021-10-29,-34.0,-19.0,-7.0,-47.0,-50.0,14.0
2021-10-30,-32.0,-17.0,-8.0,-33.0,-13.0,4.0
2021-10-31,-30.0,-19.0,2.0,-30.0,-14.0,4.0
2021-11-01,-43.0,-23.0,-44.0,-60.0,-58.0,20.0
2021-11-02,-37.0,-15.0,-17.0,-54.0,-53.0,18.0
2021-11-03,-36.0,-17.0,-19.0,-54.0,-52.0,17.0
2021-11-04,-36.0,-20.0,-25.0,-54.0,-52.0,17.0
2021-11-05,-34.0,-21.0,-25.0,-51.0,-50.0,15.0
2021-11-06,-32.0,-20.0,-13.0,-39.0,-13.0,5.0
2021-11-07,-26.0,-22.0,-2.0,-38.0,-14.0,5.0
2021-11-08,-39.0,-22.0,-32.0,-57.0,-57.0,18.0
2021-11-09,-41.0,-21.0,-35.0,-58.0,-54.0,19.0
2021-11-10,-35.0,-19.0,-19.0,-54.0,-52.0,16.0
2021-11-11,-31.0,-18.0,-4.0,-58.0,-61.0,19.0
2021-11-12,-33.0,-20.0,-19.0,-50.0,-51.0,16.0
2021-11-13,-29.0,-19.0,-2.0,-36.0,-12.0,4.0
2021-11-14,-29.0,-25.0,-7.0,-39.0,-13.0,5.0
2021-11-15,-39.0,-21.0,-29.0,-57.0,-56.0,18.0
2021-11-16,-38.0,-20.0,-22.0,-55.0,-53.0,18.0
2021-11-17,-39.0,-21.0,-24.0,-55.0,-52.0,17.0
2021-11-18,-37.0,-22.0,-30.0,-55.0,-51.0,17.0
2021-11-19,-40.0,-22.0,-39.0,-53.0,-50.0,16.0
2021-11-20,-33.0,-19.0,-13.0,-39.0,-12.0,4.0
2021-11-21,-28.0,-24.0,-1.0,-37.0,-13.0,5.0
2021-11-22,-34.0,-17.0,-14.0,-58.0,-61.0,17.0
2021-11-23,-32.0,-13.0,-9.0,-57.0,-59.0,16.0
2021-11-24,-30.0,-4.0,-12.0,-58.0,-63.0,14.0
2021-11-25,-66.0,-41.0,-20.0,-73.0,-87.0,20.0
2021-11-26,-37.0,-35.0,-2.0,-64.0,-75.0,18.0
2021-11-27,-36.0,-31.0,-9.0,-42.0,-18.0,4.0
2021-11-28,-37.0,-32.0,-16.0,-43.0,-14.0,4.0
2021-11-29,-40.0,-22.0,-26.0,-59.0,-57.0,17.0
2021-11-30,-40.0,-20.0,-20.0,-57.0,-53.0,17.0
2021-12-01,-40.0,-20.0,-24.0,-55.0,-52.0,16.0
2021-12-02,-39.0,-20.0,-26.0,-56.0,-51.0,17.0
2021-12-03,-37.0,-22.0,-33.0,-53.0,-49.0,16.0
2021-12-04,-31.0,-22.0,-20.0,-39.0,-9.0,5.0
2021-12-05,-32.0,-26.0,-15.0,-41.0,-11.0,6.0
2021-12-06,-37.0,-22.0,-35.0,-58.0,-56.0,18.0
2021-12-07,-35.0,-18.0,-19.0,-54.0,-51.0,17.0
2021-12-08,-37.0,-23.0,-34.0,-54.0,-51.0,17.0
2021-12-09,-36.0,-20.0,-26.0,-54.0,-49.0,16.0
2021-12-10,-33.0,-22.0,-25.0,-49.0,-48.0,15.0
2021-12-11,-27.0,-18.0,-11.0,-35.0,-6.0,4.0
2021-12-12,-43.0,-35.0,-54.0,-52.0,-12.0,9.0
2021-12-13,-47.0,-30.0,-52.0,-63.0,-57.0,20.0
2021-12-14,-36.0,-17.0,-26.0,-57.0,-52.0,17.0
2021-12-15,-41.0,-23.0,-40.0,-58.0,-52.0,18.0
2021-12-16,-33.0,-19.0,-28.0,-55.0,-51.0,16.0
2021-12-17,-31.0,-20.0,-28.0,-52.0,-50.0,15.0
2021-12-18,-30.0,-22.0,-17.0,-38.0,-8.0,4.0
2021-12-19,-27.0,-30.0,-19.0,-40.0,-8.0,5.0
2021-12-20,-29.0,-20.0,-19.0,-58.0,-62.0,17.0
2021-12-21,-36.0,-20.0,-27.0,-60.0,-61.0,18.0
2021-12-22,-40.0,-21.0,-40.0,-64.0,-62.0,18.0
2021-12-23,-36.0,-12.0,-34.0,-64.0,-65.0,19.0
2021-12-24,-50.0,-18.0,-26.0,-68.0,-75.0,19.0
2021-12-25,-79.0,-67.0,-61.0,-75.0,-57.0,13.0
2021-12-26,-49.0,-44.0,-41.0,-57.0,-18.0,8.0
2021-12-27,-35.0,-26.0,-12.0,-66.0,-71.0,19.0
2021-12-28,-37.0,-25.0,-16.0,-66.0,-67.0,20.0
2021-12-29,-46.0,-30.0,-37.0,-69.0,-67.0,21.0
2021-12-30,-33.0,-15.0,5.0,-62.0,-67.0,18.0
2021-12-31,-41.0,-15.0,-6.0,-64.0,-72.0,21.0
2022-01-01,-54.0,-45.0,-15.0,-59.0,-36.0,11.0
2022-01-02,-42.0,-32.0,-21.0,-48.0,-13.0,8.0
2022-01-03,-42.0,-22.0,-37.0,-64.0,-64.0,21.0
2022-01-04,-48.0,-20.0,-35.0,-63.0,-59.0,22.0
2022-01-05,-49.0,-21.0,-35.0,-63.0,-58.0,22.0
2022-01-06,-51.0,-24.0,-41.0,-63.0,-58.0,23.0
2022-01-07,-52.0,-27.0,-47.0,-63.0,-55.0,23.0
2022-01-08,-45.0,-25.0,-24.0,-50.0,-14.0,10.0
2022-01-09,-41.0,-29.0,-20.0,-49.0,-14.0,9.0
2022-01-10,-47.0,-22.0,-32.0,-63.0,-61.0,21.0
2022-01-11,-47.0,-23.0,-26.0,-63.0,-58.0,22.0
2022-01-12,-49.0,-22.0,-32.0,-63.0,-57.0,22.0
2022-01-13,-49.0,-25.0,-34.0,-63.0,-57.0,23.0
2022-01-14,-48.0,-26.0,-35.0,-60.0,-54.0,20.0
2022-01-15,-42.0,-25.0,-23.0,-48.0,-14.0,9.0
2022-01-16,-37.0,-31.0,-13.0,-46.0,-16.0,8.0
2022-01-17,-38.0,-24.0,-4.0,-68.0,-75.0,21.0
2022-01-18,-47.0,-24.0,-32.0,-62.0,-57.0,21.0
2022-01-19,-49.0,-26.0,-34.0,-62.0,-56.0,21.0
2022-01-20,-45.0,-27.0,-32.0,-61.0,-55.0,21.0
2022-01-21,-44.0,-26.0,-34.0,-57.0,-52.0,20.0
2022-01-22,-40.0,-24.0,-12.0,-44.0,-12.0,8.0
2022-01-23,-36.0,-28.0,-11.0,-45.0,-12.0,7.0
2022-01-24,-44.0,-24.0,-32.0,-62.0,-58.0,20.0
2022-01-25,-43.0,-24.0,-28.0,-61.0,-55.0,21.0
2022-01-26,-45.0,-26.0,-30.0,-61.0,-55.0,20.0
2022-01-27,-43.0,-26.0,-26.0,-59.0,-54.0,20.0
2022-01-28,-44.0,-27.0,-32.0,-57.0,-50.0,18.0
2022-01-29,-37.0,-25.0,-11.0,-42.0,-11.0,6.0
2022-01-30,-38.0,-30.0,-19.0,-44.0,-11.0,6.0
2022-01-31,-45.0,-25.0,-32.0,-62.0,-61.0,20.0
2022-02-01,-43.0,-24.0,-22.0,-59.0,-59.0,20.0
2022-02-02,-44.0,-26.0,-30.0,-59.0,-54.0,19.0
2022-02-03,-42.0,-24.0,-31.0,-57.0,-53.0,19.0
2022-02-04,-42.0,-26.0,-31.0,-54.0,-50.0,17.0
2022-02-05,-36.0,-25.0,-14.0,-41.0,-10.0,6.0
2022-02-06,-35.0,-26.0,-2.0,-41.0,-11.0,5.0
2022-02-07,-44.0,-24.0,-27.0,-60.0,-56.0,19.0
2022-02-08,-42.0,-24.0,-19.0,-57.0,-53.0,18.0
2022-02-09,-44.0,-25.0,-22.0,-58.0,-53.0,18.0
2022-02-10,-40.0,-25.0,-21.0,-55.0,-52.0,18.0
2022-02-11,-40.0,-25.0,-23.0,-53.0,-49.0,16.0
2022-02-12,-31.0,-22.0,4.0,-35.0,-9.0,4.0
2022-02-13,-36.0,-24.0,-10.0,-39.0,-11.0,4.0
2022-02-14,-38.0,-19.0,-31.0,-58.0,-56.0,17.0
2022-02-15,-42.0,-26.0,-21.0,-57.0,-53.0,17.0
2022-02-16,-40.0,-27.0,-23.0,-56.0,-52.0,17.0
2022-02-17,-41.0,-27.0,-23.0,-55.0,-51.0,17.0
2022-02-18,-40.0,-28.0,-25.0,-53.0,-49.0,16.0
2022-02-19,-28.0,-26.0,5.0,-29.0,-11.0,4.0
2022-02-20,-28.0,-32.0,-6.0,-39.0,-11.0,5.0
2022-02-21,-32.0,-28.0,-2.0,-66.0,-74.0,18.0
2022-02-22,-42.0,-29.0,-29.0,-59.0,-54.0,18.0
2022-02-23,-43.0,-29.0,-29.0,-59.0,-53.0,17.0
2022-02-24,-42.0,-29.0,-29.0,-58.0,-52.0,17.0
2022-02-25,-41.0,-29.0,-30.0,-55.0,-50.0,16.0
2022-02-26,-37.0,-29.0,-14.0,-44.0,-10.0,5.0
2022-02-27,-32.0,-29.0,-4.0,-42.0,-11.0,4.0
2022-02-28,-42.0,-25.0,-27.0,-59.0,-55.0,16.0
2022-03-01,-41.0,-24.0,-24.0,-57.0,-52.0,16.0
2022-03-02,-43.0,-28.0,-31.0,-58.0,-52.0,16.0
2022-03-03,-44.0,-31.0,-42.0,-59.0,-51.0,17.0
2022-03-04,-43.0,-30.0,-39.0,-57.0,-49.0,16.0
2022-03-05,-35.0,-27.0,-15.0,-44.0,-9.0,4.0
2022-03-06,-34.0,-30.0,-10.0,-43.0,-10.0,4.0
2022-03-07,-41.0,-27.0,-27.0,-59.0,-55.0,16.0
2022-03-08,-39.0,-27.0,-23.0,-57.0,-51.0,16.0
2022-03-09,-43.0,-29.0,-32.0,-59.0,-51.0,16.0
2022-03-10,-42.0,-30.0,-30.0,-57.0,-50.0,15.0
2022-03-11,-40.0,-30.0,-30.0,-56.0,-49.0,14.0
2022-03-12,-35.0,-30.0,-20.0,-43.0,-10.0,4.0
2022-03-13,-35.0,-32.0,-17.0,-46.0,-12.0,4.0
2022-03-14,-39.0,-27.0,-25.0,-59.0,-55.0,16.0
2022-03-15,-42.0,-29.0,-29.0,-58.0,-51.0,16.0
2022-03-16,-39.0,-29.0,-24.0,-56.0,-50.0,14.0
2022-03-17,-39.0,-31.0,-30.0,-56.0,-49.0,15.0
2022-03-18,-39.0,-31.0,-26.0,-55.0,-48.0,14.0
2022-03-19,-37.0,-31.0,-36.0,-48.0,-11.0,6.0
2022-03-20,-28.0,-29.0,-3.0,-40.0,-10.0,3.0
2022-03-21,-36.0,-26.0,-19.0,-58.0,-54.0,15.0
2022-03-22,-33.0,-25.0,-5.0,-54.0,-50.0,14.0
2022-03-23,-37.0,-28.0,-24.0,-57.0,-50.0,14.0
2022-03-24,-35.0,-30.0,-28.0,-55.0,-49.0,14.0
2022-03-25,-37.0,-31.0,-27.0,-56.0,-48.0,14.0
2022-03-26,-32.0,-28.0,-12.0,-41.0,-9.0,3.0
2022-03-27,-38.0,-35.0,-25.0,-48.0,-11.0,4.0
2022-03-28,-42.0,-30.0,-29.0,-62.0,-58.0,17.0
2022-03-29,-41.0,-31.0,-26.0,-59.0,-54.0,16.0
2022-03-30,-41.0,-32.0,-30.0,-58.0,-53.0,15.0
2022-03-31,-39.0,-31.0,-26.0,-58.0,-54.0,15.0
2022-04-01,-39.0,-30.0,-27.0,-56.0,-51.0,14.0
2022-04-02,-34.0,-27.0,-12.0,-42.0,-11.0,3.0
2022-04-03,-34.0,-30.0,-13.0,-44.0,-11.0,3.0
2022-04-04,-40.0,-27.0,-28.0,-59.0,-54.0,15.0
2022-04-05,-38.0,-26.0,-12.0,-55.0,-49.0,13.0
2022-04-06,-39.0,-27.0,-13.0,-55.0,-49.0,13.0
2022-04-07,-34.0,-26.0,-8.0,-52.0,-48.0,13.0
2022-04-08,-34.0,-27.0,-27.0,-51.0,-48.0,13.0
2022-04-09,-27.0,-24.0,-6.0,-34.0,-9.0,3.0
2022-04-10,-26.0,-27.0,-4.0,-37.0,-10.0,3.0
2022-04-11,-38.0,-28.0,-30.0,-59.0,-55.0,16.0
2022-04-12,-36.0,-27.0,-20.0,-54.0,-49.0,14.0
2022-04-13,-37.0,-28.0,-21.0,-53.0,-49.0,13.0
2022-04-14,-44.0,-33.0,-43.0,-58.0,-50.0,16.0
2022-04-15,-38.0,-25.0,-20.0,-55.0,-50.0,14.0
2022-04-16,-33.0,-26.0,-19.0,-44.0,-12.0,5.0
2022-04-17,-38.0,-29.0,1.0,-42.0,-17.0,3.0
2022-04-18,-36.0,-28.0,-24.0,-56.0,-54.0,15.0
2022-04-19,-37.0,-26.0,-14.0,-54.0,-49.0,13.0
2022-04-20,-38.0,-27.0,-16.0,-53.0,-49.0,13.0
2022-04-21,-40.0,-30.0,-26.0,-55.0,-48.0,15.0
2022-04-22,-38.0,-28.0,-26.0,-53.0,-48.0,13.0
2022-04-23,-33.0,-28.0,-5.0,-40.0,-11.0,3.0
2022-04-24,-32.0,-31.0,-11.0,-41.0,-11.0,2.0
2022-04-25,-39.0,-26.0,-23.0,-57.0,-53.0,14.0
2022-04-26,-35.0,-26.0,-19.0,-51.0,-47.0,13.0
2022-04-27,-34.0,-28.0,-25.0,-50.0,-47.0,12.0
2022-04-28,-38.0,-28.0,-27.0,-52.0,-46.0,13.0
2022-04-29,-34.0,-27.0,-24.0,-49.0,-47.0,13.0
2022-04-30,-31.0,-27.0,-15.0,-37.0,-9.0,3.0
2022-05-01,-28.0,-28.0,-2.0,-34.0,-10.0,3.0
2022-05-02,-39.0,-24.0,-29.0,-56.0,-53.0,15.0
2022-05-03,-36.0,-23.0,-14.0,-51.0,-47.0,13.0
2022-05-04,-39.0,-27.0,-23.0,-53.0,-48.0,13.0
2022-05-05,-33.0,-27.0,-24.0,-51.0,-46.0,13.0
2022-05-06,-35.0,-28.0,-32.0,-50.0,-48.0,13.0
2022-05-07,-28.0,-26.0,-13.0,-35.0,-10.0,2.0
2022-05-08,-28.0,-29.0,-17.0,-38.0,-12.0,2.0
2022-05-09,-36.0,-26.0,-27.0,-55.0,-53.0,14.0
2022-05-10,-36.0,-26.0,-20.0,-51.0,-47.0,13.0
2022-05-11,-39.0,-28.0,-26.0,-52.0,-48.0,13.0
2022-05-12,-39.0,-27.0,-25.0,-52.0,-47.0,13.0
2022-05-13,-37.0,-28.0,-24.0,-52.0,-48.0,13.0
2022-05-14,-34.0,-27.0,-5.0,-36.0,-10.0,3.0
2022-05-15,-33.0,-32.0,-11.0,-33.0,-12.0,3.0
2022-05-16,-38.0,-26.0,-24.0,-55.0,-54.0,15.0
2022-05-17,-36.0,-26.0,-14.0,-52.0,-47.0,13.0
2022-05-18,-35.0,-27.0,-16.0,-51.0,-48.0,13.0
2022-05-19,-36.0,-28.0,-19.0,-52.0,-48.0,13.0
2022-05-20,-35.0,-28.0,-23.0,-49.0,-48.0,13.0
2022-05-21,-32.0,-28.0,-8.0,-36.0,-12.0,3.0
2022-05-22,-28.0,-29.0,-4.0,-34.0,-12.0,3.0
2022-05-23,-37.0,-24.0,-21.0,-54.0,-54.0,15.0
2022-05-24,-34.0,-25.0,-11.0,-50.0,-49.0,13.0
2022-05-25,-37.0,-26.0,-24.0,-51.0,-49.0,13.0
2022-05-26,-35.0,-28.0,-26.0,-51.0,-49.0,14.0
2022-05-27,-37.0,-27.0,-28.0,-53.0,-52.0,13.0
2022-05-28,-37.0,-28.0,-17.0,-40.0,-17.0,3.0
2022-05-29,-26.0,-27.0,6.0,-26.0,-16.0,1.0
2022-05-30,-33.0,-29.0,16.0,-67.0,-81.0,16.0
2022-05-31,-39.0,-23.0,-12.0,-53.0,-51.0,14.0
2022-06-01,-38.0,-24.0,-19.0,-52.0,-50.0,13.0
2022-06-02,-38.0,-27.0,-26.0,-52.0,-51.0,15.0
2022-06-03,-41.0,-29.0,-34.0,-53.0,-52.0,15.0
2022-06-04,-36.0,-27.0,-15.0,-37.0,-12.0,4.0
2022-06-05,-33.0,-32.0,-23.0,-37.0,-14.0,4.0
2022-06-06,-35.0,-24.0,-14.0,-54.0,-57.0,15.0
2022-06-07,-31.0,-25.0,-14.0,-50.0,-51.0,14.0
2022-06-08,-33.0,-28.0,-19.0,-49.0,-52.0,14.0
2022-06-09,-34.0,-27.0,-12.0,-49.0,-52.0,13.0
2022-06-10,-33.0,-28.0,-12.0,-47.0,-53.0,13.0
2022-06-11,-31.0,-27.0,-5.0,-31.0,-12.0,2.0
2022-06-12,-26.0,-28.0,-9.0,-30.0,-12.0,3.0
2022-06-13,-32.0,-27.0,-14.0,-51.0,-57.0,15.0
2022-06-14,-34.0,-25.0,-7.0,-49.0,-51.0,13.0
2022-06-15,-35.0,-26.0,-15.0,-48.0,-52.0,14.0
2022-06-16,-34.0,-28.0,-20.0,-48.0,-52.0,13.0
2022-06-17,-39.0,-29.0,-21.0,-50.0,-53.0,14.0
2022-06-18,-33.0,-24.0,-7.0,-34.0,-12.0,2.0
2022-06-19,-28.0,-29.0,3.0,-32.0,-13.0,1.0
2022-06-20,-24.0,-22.0,2.0,-29.0,-68.0,15.0
2022-06-21,-36.0,-24.0,2.0,-49.0,-52.0,13.0
2022-06-22,-38.0,-27.0,-16.0,-50.0,-52.0,14.0
2022-06-23,-37.0,-28.0,-18.0,-49.0,-51.0,14.0
2022-06-24,-36.0,-28.0,-20.0,-45.0,-52.0,14.0
2022-06-25,-29.0,-24.0,6.0,-24.0,-12.0,3.0
2022-06-26,-22.0,-26.0,7.0,21.0,-12.0,3.0
2022-06-27,-37.0,-25.0,-18.0,-54.0,-58.0,16.0
2022-06-28,-35.0,-26.0,-9.0,-50.0,-52.0,14.0
2022-06-29,-37.0,-28.0,-22.0,-51.0,-52.0,14.0
2022-06-30,-39.0,-28.0,-25.0,-52.0,-52.0,14.0
2022-07-01,-38.0,-25.0,-27.0,-51.0,-55.0,14.0
2022-07-02,-36.0,-29.0,-24.0,-42.0,-15.0,4.0
2022-07-03,-27.0,-30.0,-6.0,-35.0,-14.0,2.0
2022-07-04,-39.0,-31.0,37.0,-64.0,-83.0,17.0
2022-07-05,-40.0,-24.0,-11.0,-55.0,-58.0,14.0
2022-07-06,-41.0,-26.0,-18.0,-53.0,-54.0,15.0
2022-07-07,-39.0,-28.0,-18.0,-53.0,-52.0,14.0
2022-07-08,-41.0,-29.0,-25.0,-53.0,-52.0,14.0
2022-07-09,-37.0,-28.0,-14.0,-43.0,-11.0,4.0
2022-07-10,-31.0,-29.0,-4.0,-38.0,-11.0,3.0
2022-07-11,-36.0,-26.0,-19.0,-54.0,-57.0,15.0
2022-07-12,-35.0,-28.0,-11.0,-51.0,-51.0,14.0
2022-07-13,-37.0,-29.0,-15.0,-50.0,-52.0,14.0
2022-07-14,-34.0,-27.0,-15.0,-49.0,-51.0,14.0
2022-07-15,-37.0,-29.0,-21.0,-51.0,-52.0,16.0
2022-07-16,-30.0,-26.0,-3.0,-34.0,-11.0,3.0
2022-07-17,-27.0,-29.0,1.0,-31.0,-11.0,3.0
2022-07-18,-37.0,-27.0,-12.0,-55.0,-57.0,18.0
2022-07-19,-37.0,-28.0,-11.0,-53.0,-52.0,17.0
2022-07-20,-38.0,-29.0,-16.0,-53.0,-51.0,14.0
2022-07-21,-37.0,-30.0,-15.0,-52.0,-50.0,14.0
2022-07-22,-36.0,-28.0,-18.0,-52.0,-51.0,14.0
2022-07-23,-31.0,-27.0,-12.0,-42.0,-11.0,3.0
2022-07-24,-27.0,-30.0,0.0,-34.0,-12.0,5.0
2022-07-25,-36.0,-26.0,-15.0,-56.0,-57.0,16.0
2022-07-26,-28.0,-26.0,-7.0,-51.0,-51.0,14.0
2022-07-27,-36.0,-28.0,-12.0,-54.0,-51.0,14.0
2022-07-28,-33.0,-29.0,-15.0,-52.0,-51.0,14.0
2022-07-29,-34.0,-28.0,-21.0,-52.0,-52.0,14.0
2022-07-30,-28.0,-28.0,-14.0,-40.0,-11.0,4.0
2022-07-31,-23.0,-29.0,-5.0,-36.0,-9.0,3.0
2022-08-01,-31.0,-25.0,-13.0,-55.0,-57.0,15.0
2022-08-02,-31.0,-25.0,-3.0,-52.0,-51.0,14.0
2022-08-03,-31.0,-25.0,-12.0,-51.0,-51.0,13.0
2022-08-04,-31.0,-27.0,-9.0,-50.0,-50.0,13.0
2022-08-05,-36.0,-27.0,-8.0,-50.0,-53.0,13.0
2022-08-06,-32.0,-25.0,0.0,-36.0,-12.0,2.0
2022-08-07,-27.0,-27.0,9.0,-31.0,-11.0,2.0
2022-08-08,-34.0,-24.0,-5.0,-55.0,-57.0,15.0
2022-08-09,-34.0,-25.0,-3.0,-53.0,-51.0,13.0
2022-08-10,-35.0,-26.0,-8.0,-53.0,-51.0,13.0
2022-08-11,-34.0,-26.0,-9.0,-53.0,-50.0,13.0
2022-08-12,-34.0,-29.0,-14.0,-51.0,-52.0,13.0
2022-08-13,-26.0,-25.0,0.0,-37.0,-10.0,2.0
2022-08-14,-23.0,-26.0,4.0,-33.0,-10.0,3.0
2022-08-15,-33.0,-25.0,-13.0,-52.0,-56.0,16.0
2022-08-16,-31.0,-23.0,-5.0,-46.0,-50.0,15.0
2022-08-17,-33.0,-26.0,-17.0,-46.0,-51.0,15.0
2022-08-18,-32.0,-27.0,-12.0,-44.0,-49.0,15.0
2022-08-19,-35.0,-27.0,-21.0,-47.0,-51.0,15.0
2022-08-20,-29.0,-24.0,-5.0,-29.0,-11.0,4.0
2022-08-21,-27.0,-26.0,-3.0,-29.0,-10.0,4.0
2022-08-22,-34.0,-23.0,-13.0,-50.0,-56.0,16.0
2022-08-23,-31.0,-25.0,-11.0,-45.0,-50.0,14.0
2022-08-24,-35.0,-26.0,-20.0,-46.0,-50.0,14.0
2022-08-25,-34.0,-28.0,-18.0,-45.0,-49.0,14.0
2022-08-26,-35.0,-27.0,-25.0,-47.0,-50.0,15.0
2022-08-27,-31.0,-27.0,-10.0,-31.0,-11.0,4.0
2022-08-28,-28.0,-28.0,-4.0,-31.0,-10.0,4.0
2022-08-29,-33.0,-26.0,-20.0,-50.0,-55.0,14.0
2022-08-30,-32.0,-27.0,-14.0,-45.0,-49.0,12.0
2022-08-31,-34.0,-28.0,-21.0,-45.0,-50.0,12.0
2022-09-01,-35.0,-26.0,-21.0,-46.0,-49.0,12.0
2022-09-02,-34.0,-26.0,-24.0,-46.0,-52.0,12.0
2022-09-03,-25.0,-26.0,2.0,-27.0,-14.0,2.0
2022-09-04,-12.0,-27.0,27.0,-18.0,-13.0,0.0
2022-09-05,-28.0,-26.0,36.0,-62.0,-81.0,16.0
2022-09-06,-37.0,-22.0,-12.0,-46.0,-49.0,12.0
2022-09-07,-32.0,-23.0,-16.0,-44.0,-47.0,12.0
2022-09-08,-30.0,-24.0,-15.0,-41.0,-46.0,12.0
2022-09-09,-36.0,-26.0,-22.0,-44.0,-47.0,12.0
2022-09-10,-30.0,-25.0,-8.0,-30.0,-10.0,3.0
2022-09-11,-31.0,-28.0,-6.0,-29.0,-10.0,3.0
2022-09-12,-34.0,-26.0,-23.0,-48.0,-51.0,13.0
2022-09-13,-32.0,-26.0,-16.0,-43.0,-46.0,12.0
2022-09-14,-33.0,-27.0,-18.0,-43.0,-46.0,11.0
2022-09-15,-34.0,-27.0,-16.0,-44.0,-45.0,11.0
2022-09-16,-30.0,-28.0,-15.0,-43.0,-47.0,12.0
2022-09-17,-24.0,-24.0,-1.0,-27.0,-10.0,2.0
2022-09-18,-33.0,-35.0,-35.0,-38.0,-14.0,6.0
2022-09-19,-32.0,-23.0,-16.0,-49.0,-53.0,14.0
2022-09-20,-30.0,-25.0,-13.0,-44.0,-46.0,11.0
2022-09-21,-28.0,-27.0,-20.0,-45.0,-47.0,12.0
2022-09-22,-31.0,-26.0,-16.0,-43.0,-46.0,11.0
2022-09-23,-32.0,-27.0,-18.0,-42.0,-47.0,12.0
2022-09-24,-26.0,-25.0,-6.0,-24.0,-12.0,1.0
2022-09-25,-24.0,-26.0,-9.0,-22.0,-14.0,2.0
2022-09-26,-34.0,-25.0,-23.0,-49.0,-53.0,14.0
2022-09-27,-31.0,-25.0,-15.0,-44.0,-46.0,12.0
2022-09-28,-33.0,-27.0,-18.0,-44.0,-46.0,12.0
2022-09-29,-32.0,-27.0,-16.0,-43.0,-45.0,11.0
2022-09-30,-32.0,-27.0,-21.0,-42.0,-47.0,12.0
2022-10-01,-25.0,-24.0,-5.0,-25.0,-11.0,2.0
2022-10-02,-23.0,-26.0,-1.0,-21.0,-10.0,3.0
2022-10-03,-34.0,-23.0,-18.0,-48.0,-51.0,14.0
2022-10-04,-32.0,-25.0,-17.0,-45.0,-45.0,12.0
2022-10-05,-36.0,-26.0,-20.0,-45.0,-46.0,12.0
2022-10-06,-34.0,-28.0,-20.0,-45.0,-43.0,12.0
2022-10-07,-33.0,-27.0,-16.0,-44.0,-47.0,12.0
2022-10-08,-27.0,-24.0,4.0,-23.0,-11.0,2.0
2022-10-09,-25.0,-30.0,4.0,-22.0,-10.0,3.0
2022-10-10,-36.0,-28.0,-20.0,-56.0,-61.0,16.0
2022-10-11,-35.0,-27.0,-22.0,-46.0,-45.0,12.0
2022-10-12,-35.0,-28.0,-25.0,-46.0,-45.0,12.0
2022-10-13,-35.0,-27.0,-25.0,-46.0,-44.0,12.0
2022-10-14,-35.0,-28.0,-29.0,-45.0,-46.0,13.0
2022-10-15,-31.0,-26.0,-18.0,-31.0,-10.0,3.0
